iter	Accuracy	Logloss	F1
0	0.5504583333	0.6921780006	0.6736835738
1	0.553375	0.6913263989	0.6849669361
2	0.5545833333	0.6904982347	0.6804758489
3	0.5565416667	0.68976264	0.6822510823
4	0.559375	0.6891688139	0.6860806839
5	0.559375	0.6885342785	0.6872319659
6	0.5620833333	0.6879444986	0.6898973209
7	0.5605833333	0.6874577071	0.6907149979
8	0.5625833333	0.6869338029	0.6936858077
9	0.56525	0.6864675835	0.6949836296
10	0.566	0.6861451131	0.695865452
11	0.5676666667	0.6857670212	0.6964839408
12	0.5673333333	0.6854320958	0.6965694582
13	0.5670416667	0.6850397793	0.6960540556
14	0.5676666667	0.6845639591	0.6965194501
15	0.5667916667	0.6842892961	0.6955044662
16	0.568125	0.6839604137	0.6961747032
17	0.568625	0.6836578072	0.6965798189
18	0.5685	0.6833317561	0.6964830012
19	0.568625	0.6829517076	0.6964730716
20	0.5694166667	0.6826091676	0.6969679198
21	0.57025	0.6822453995	0.6969857218
22	0.5701666667	0.6819785385	0.6968557155
23	0.5699166667	0.6816215628	0.6975149455
24	0.5710833333	0.6813521379	0.6978041334
25	0.57125	0.6810436968	0.6983466229
26	0.5723333333	0.6807481821	0.6994260279
27	0.5734166667	0.6803355795	0.6998886088
28	0.5755	0.6799968577	0.7012667136
29	0.575375	0.6797024513	0.7012926107
30	0.5762083333	0.6794936777	0.701616452
31	0.5775416667	0.6791784803	0.7023980745
32	0.577875	0.6788778116	0.7023358308
33	0.5791666667	0.6785299803	0.7025036819
34	0.5797083333	0.6782131586	0.7031576469
35	0.5797083333	0.677924804	0.7029478458
36	0.579625	0.6776398373	0.702906446
37	0.580375	0.6773649711	0.703226757
38	0.5812916667	0.6770007277	0.7036654773
39	0.582	0.6767136756	0.7037562013
40	0.58225	0.6764285618	0.7039858282
41	0.581625	0.6762267363	0.7036741921
42	0.5822083333	0.6759495902	0.7038076389
43	0.583875	0.6756957566	0.7047624679
44	0.58425	0.675516623	0.705141844
45	0.584	0.6752797686	0.7050342709
46	0.5846666667	0.6749500856	0.7052108594
47	0.584875	0.6746419507	0.7053674405
48	0.5850416667	0.6744208591	0.705468311
49	0.5855416667	0.6740841913	0.7056665187
50	0.5854583333	0.6738186509	0.7055550623
51	0.5867916667	0.6735057107	0.7062412986
52	0.5864583333	0.6732943937	0.7060391553
53	0.587375	0.6730630441	0.7066560028
54	0.587875	0.6727510892	0.7070114636
55	0.587875	0.672618348	0.706716086
56	0.58925	0.672440281	0.7074256544
57	0.590375	0.6722058571	0.7080970338
58	0.590125	0.6718971425	0.7076584742
59	0.5904583333	0.6716559396	0.7080177049
60	0.5914166667	0.6713593043	0.7088825555
61	0.591875	0.6711265242	0.7092522782
62	0.5922916667	0.6708953977	0.709600831
63	0.5932083333	0.6706679878	0.710150521
64	0.5937916667	0.670349549	0.7105489742
65	0.5945833333	0.6700804131	0.711018711
66	0.5954166667	0.6697431141	0.7112696997
67	0.5959583333	0.6695190007	0.7116991229
68	0.596375	0.669270561	0.7120306787
69	0.596875	0.6689783392	0.7122505428
70	0.596375	0.6686827572	0.7119279151
71	0.59725	0.6684025094	0.7121843735
72	0.5987916667	0.6681180856	0.713311698
73	0.5994583333	0.6678575233	0.7135834103
74	0.6002083333	0.6676021639	0.714153782
75	0.6009166667	0.6673323159	0.7147706968
76	0.602125	0.6671490293	0.7153715461
77	0.6035416667	0.6668795575	0.7160464353
78	0.60375	0.6666355492	0.7161363501
79	0.60375	0.6664188443	0.7161532951
80	0.6048333333	0.6661876466	0.7167771606
81	0.6052083333	0.6658324455	0.716936038
82	0.605375	0.6655690714	0.7168525217
83	0.6065	0.665265011	0.7172962941
84	0.6065416667	0.6649248084	0.7172839137
85	0.607375	0.664714596	0.7177474914
86	0.607875	0.6644352312	0.7179041396
87	0.6078333333	0.6642589864	0.7178318743
88	0.6075416667	0.6640078961	0.7175288649
89	0.60825	0.6636675224	0.7176915686
90	0.6095	0.6634429806	0.7187950072
91	0.6097916667	0.6632478896	0.7188447567
92	0.6099583333	0.6629901647	0.7187959987
93	0.6102083333	0.6627223093	0.7189424666
94	0.610875	0.6624597652	0.7193557112
95	0.611	0.6622146839	0.7195048672
96	0.611875	0.6620122013	0.7198917456
97	0.6125416667	0.661746268	0.7201035427
98	0.6127916667	0.6614696141	0.7202167695
99	0.6135	0.661106734	0.7206192398
100	0.6144166667	0.6608931469	0.7210802339
101	0.6150416667	0.6606370178	0.7216246347
102	0.616125	0.6603709452	0.7223410988
103	0.616125	0.660057269	0.7223076228
104	0.617125	0.6597491845	0.7230477109
105	0.6177916667	0.6595455714	0.7234132368
106	0.6180416667	0.6593278165	0.7235107827
107	0.6187916667	0.6590833226	0.7239870878
108	0.6190833333	0.6589164672	0.7240900586
109	0.619125	0.658729825	0.72417851
110	0.6199583333	0.65838694	0.7246490566
111	0.6204166667	0.658197278	0.7249562225
112	0.6208333333	0.6579190516	0.7250755287
113	0.6207916667	0.6577039795	0.7249206589
114	0.6217916667	0.6574524574	0.7256294774
115	0.6227083333	0.6570934503	0.7262779239
116	0.623375	0.6567723162	0.7266459007
117	0.6244166667	0.6564591591	0.7271461436
118	0.6252916667	0.6562397238	0.7278724241
119	0.62575	0.6560415905	0.7281147839
120	0.6259166667	0.6557803941	0.7281206468
121	0.6272083333	0.6555350752	0.7288870034
122	0.6282083333	0.6552410386	0.7295650856
123	0.62825	0.6550054254	0.7295871977
124	0.628625	0.6547763674	0.7299009061
125	0.6289583333	0.6545353957	0.7299469295
126	0.6302083333	0.6542473487	0.7306279783
127	0.6301666667	0.6540427904	0.7305894494
128	0.6305	0.6537484707	0.7307341957
129	0.63125	0.6534680956	0.7311827957
130	0.6316666667	0.6531592684	0.7315191642
131	0.6330416667	0.6529086509	0.7323018937
132	0.6330416667	0.6526160144	0.7321227606
133	0.63375	0.6523361713	0.7326154408
134	0.634375	0.65200559	0.7329823814
135	0.6344166667	0.6516924042	0.7329721833
136	0.6358333333	0.6514086762	0.7338935574
137	0.6365833333	0.6511142155	0.7343607236
138	0.6379583333	0.6508215065	0.7351964161
139	0.6376666667	0.6505466347	0.7350718986
140	0.6385	0.6502229063	0.7356167723
141	0.6395416667	0.6499427714	0.7363223506
142	0.64025	0.6496429662	0.7367040742
143	0.6411666667	0.6493311307	0.7373108834
144	0.6423333333	0.6490103434	0.7379411406
145	0.6427916667	0.6486909783	0.7381090576
146	0.643875	0.648491162	0.7386638129
147	0.6439583333	0.6481169319	0.7388207965
148	0.6434166667	0.64779406	0.7384154542
149	0.6450833333	0.6474034536	0.7393831844
150	0.6458333333	0.6471380827	0.7396790396
151	0.6468333333	0.6468666654	0.7403345383
152	0.6481666667	0.6465435232	0.7411404047
153	0.6490416667	0.6462058601	0.7416653887
154	0.6499583333	0.6457995728	0.7422768966
155	0.6500416667	0.6454941536	0.7421800657
156	0.6508333333	0.6450999586	0.7426606068
157	0.6521666667	0.6448197255	0.7434384412
158	0.6522916667	0.644507844	0.7434912243
159	0.6537083333	0.6441120362	0.7444734819
160	0.6555	0.643819568	0.7455686854
161	0.6564166667	0.6434849317	0.7460581424
162	0.6573333333	0.6431147426	0.7466576305
163	0.6580833333	0.6427604116	0.7470094956
164	0.6597916667	0.6423775656	0.7481104427
165	0.66	0.6421568301	0.7481792371
166	0.6607916667	0.6418254588	0.7487888419
167	0.6617083333	0.6415264235	0.7494831683
168	0.6631666667	0.6411614461	0.7503705534
169	0.6635416667	0.6408721514	0.7505637414
170	0.6641666667	0.6404421423	0.7509732435
171	0.664875	0.6400089417	0.7514600909
172	0.6655833333	0.6396294881	0.7517015221
173	0.6665	0.6392508174	0.7523208318
174	0.6668333333	0.6389418987	0.7524611479
175	0.6676666667	0.6386130714	0.7529120198
176	0.66875	0.6382963215	0.7536106118
177	0.66925	0.6379435261	0.75396727
178	0.6707916667	0.6375756326	0.7548329041
179	0.671625	0.6371818534	0.7553320294
180	0.6722916667	0.6368843466	0.7555707493
181	0.672875	0.6366151322	0.7558237178
182	0.6730416667	0.6362050914	0.7558418121
183	0.673875	0.6359220572	0.756418635
184	0.674875	0.6355260672	0.7569386039
185	0.675875	0.6351156581	0.757640901
186	0.6765416667	0.6346788208	0.758109245
187	0.6787916667	0.6342435291	0.7594620737
188	0.6789166667	0.6338629125	0.7594881398
189	0.6805833333	0.6335369579	0.7605422628
190	0.6815833333	0.6331746365	0.7612621056
191	0.6822083333	0.6328368391	0.7616339032
192	0.6827083333	0.6325381835	0.7618898721
193	0.684	0.6321286832	0.7627924434
194	0.6853333333	0.6317329286	0.7633788695
195	0.6860833333	0.6314340725	0.7637800213
196	0.6862083333	0.631099677	0.7637926168
197	0.6875833333	0.6307570961	0.7645692037
198	0.688375	0.6303954645	0.7651584137
199	0.689375	0.630071198	0.7659120168
200	0.690625	0.6297724446	0.7667661379
201	0.69075	0.6295117722	0.7668090989
202	0.6917916667	0.6291477038	0.7673679907
203	0.6929583333	0.6287309546	0.7681610823
204	0.6935416667	0.6284525957	0.7683537526
205	0.6950416667	0.6280826037	0.7693422836
206	0.694875	0.6276366258	0.7692307692
207	0.6969583333	0.6272546346	0.7704157328
208	0.6981666667	0.6269143087	0.7710927131
209	0.69925	0.626610796	0.7718566281
210	0.7007916667	0.6261879431	0.7729040827
211	0.7017083333	0.6259080168	0.7733704771
212	0.70225	0.6256641416	0.7736602052
213	0.7022083333	0.6253321709	0.7736070195
214	0.70375	0.6248989217	0.7746434231
215	0.704875	0.6246104328	0.775235617
216	0.7057916667	0.6242579286	0.7758056834
217	0.7059583333	0.6238717403	0.7758615214
218	0.7065833333	0.6234577438	0.7760890302
219	0.7075	0.623123537	0.7766038697
220	0.7084583333	0.6227036436	0.7772010826
221	0.709	0.6223298242	0.7775229358
222	0.7097916667	0.6220417184	0.7780504127
223	0.7106666667	0.6216633981	0.778557306
224	0.7117916667	0.621319546	0.7792141466
225	0.713375	0.6209402036	0.7804130622
226	0.7135	0.6205232899	0.780361592
227	0.7145833333	0.6200845137	0.7810102302
228	0.714875	0.6196612971	0.7810450197
229	0.7165	0.6193116383	0.7821046564
230	0.7176666667	0.61891185	0.7827369501
231	0.7184583333	0.6184883544	0.7833114197
232	0.7196666667	0.6181038051	0.7840405726
233	0.7212083333	0.6177399248	0.7850971575
234	0.7223333333	0.6174666727	0.7858611825
235	0.723	0.6171293478	0.786251688
236	0.7247083333	0.6167330202	0.787385358
237	0.7247083333	0.6164010311	0.7873032225
238	0.7260416667	0.6159978501	0.7882243051
239	0.72675	0.615730239	0.7885743762
240	0.7270833333	0.6154025715	0.7887505644
241	0.7277083333	0.6149901435	0.7891459362
242	0.729	0.6146232394	0.7899089088
243	0.7300416667	0.6142927002	0.7905473119
244	0.7300416667	0.6139375168	0.7906420655
245	0.7312083333	0.6135936459	0.7913175687
246	0.732	0.6132233354	0.7918716024
247	0.732875	0.6128467609	0.7924906943
248	0.7344166667	0.6124701908	0.7935479692
249	0.7355	0.6121330487	0.7942701582
250	0.7364583333	0.611710247	0.7950089127
251	0.7374166667	0.6113749967	0.7955356563
252	0.7385	0.6110382733	0.7962337662
253	0.7385	0.6106202443	0.7961543458
254	0.7390833333	0.610272584	0.7965165399
255	0.740125	0.6099038468	0.7971509416
256	0.7412083333	0.6094951997	0.7979045326
257	0.7423333333	0.6090884249	0.7985930172
258	0.7429166667	0.6087339053	0.7990358934
259	0.7437916667	0.6083363844	0.7996089294
260	0.7449166667	0.6078971749	0.8002870751
261	0.7454583333	0.6076459618	0.8005875632
262	0.7458333333	0.6072806379	0.8008358365
263	0.7465833333	0.6069779218	0.8013975967
264	0.7473333333	0.6066373406	0.8019465674
265	0.7485	0.6062427898	0.8026935146
266	0.7488333333	0.6059520437	0.8029292533
267	0.74975	0.6056600751	0.8035842763
268	0.7500416667	0.6052277481	0.8038709256
269	0.750375	0.6049036155	0.804273253
270	0.7507083333	0.6045335776	0.8044962912
271	0.7510833333	0.6042278108	0.8047457184
272	0.7517916667	0.6039559519	0.8051421282
273	0.7523333333	0.6035484688	0.8054337152
274	0.753	0.603262747	0.8059066204
275	0.75325	0.6029479211	0.8061411549
276	0.7540416667	0.6025997503	0.8066048554
277	0.7549583333	0.6022106672	0.8071740057
278	0.7567083333	0.6017974672	0.8083374364
279	0.756625	0.6015482037	0.8082466104
280	0.7580416667	0.601182612	0.8093001872
281	0.75825	0.6008896588	0.8094831549
282	0.7595416667	0.6005252401	0.810382783
283	0.760625	0.6002672048	0.8111377757
284	0.7610833333	0.5999155365	0.8115427595
285	0.762	0.5995667867	0.8120681713
286	0.7632083333	0.5992190005	0.8129669245
287	0.764125	0.5988213902	0.8136909659
288	0.764875	0.5984680773	0.8140875696
289	0.765125	0.5981722115	0.8142240385
290	0.7661666667	0.5978257934	0.8149198602
291	0.7664583333	0.5974581252	0.8151080323
292	0.768	0.5971317159	0.816104102
293	0.7684583333	0.5967978414	0.8164613403
294	0.769625	0.5964336943	0.8172895806
295	0.769625	0.596007343	0.8172895806
296	0.770125	0.5957556343	0.8176620286
297	0.7709583333	0.5954394224	0.8183230327
298	0.7714166667	0.5951386271	0.8185966537
299	0.7721666667	0.5947982846	0.8191440101
300	0.7733333333	0.5944214189	0.8199748494
301	0.7748333333	0.5939926224	0.8209647495
302	0.7753333333	0.5937382691	0.8212794166
303	0.77525	0.5933298663	0.8212605209
304	0.776125	0.5930421005	0.8218087752
305	0.7765833333	0.5926972205	0.8221204883
306	0.7774166667	0.5923695361	0.8228074831
307	0.7780833333	0.5920243803	0.8232326585
308	0.7784583333	0.5917107607	0.8234200126
309	0.7792916667	0.5913439451	0.8239555984
310	0.780625	0.5909634712	0.8248561259
311	0.7814166667	0.5906478579	0.8255288014
312	0.7822916667	0.5902784796	0.8260826149
313	0.783	0.5899659842	0.8265965239
314	0.7837083333	0.5896396532	0.8270992239
315	0.78375	0.589296905	0.8271037378
316	0.7845	0.5890397744	0.8276
317	0.784875	0.5886321982	0.8277104815
318	0.7854166667	0.5883404347	0.8280697069
319	0.785625	0.5879689498	0.8281964804
320	0.786875	0.5876060065	0.8290269746
321	0.7876666667	0.587204096	0.8296221999
322	0.78825	0.5868542562	0.830067545
323	0.788875	0.5864850794	0.8304840922
324	0.7894166667	0.586121962	0.8308341143
325	0.7904166667	0.5857568585	0.8314794961
326	0.791	0.585450846	0.8318696789
327	0.7919166667	0.585124334	0.8325397358
328	0.79275	0.5848047506	0.8331768178
329	0.7935833333	0.5844360831	0.833736072
330	0.7935416667	0.5841032046	0.833696929
331	0.794125	0.5838546944	0.8341668065
332	0.7945416667	0.5835416958	0.8344690993
333	0.7957083333	0.5831935195	0.8352652622
334	0.7968333333	0.5829116726	0.8360898212
335	0.7971666667	0.5826421911	0.8363257347
336	0.7975833333	0.5823513579	0.836618013
337	0.7985	0.5820173364	0.8373031893
338	0.7991666667	0.5816212166	0.8378305632
339	0.800375	0.5813307629	0.8386922999
340	0.80125	0.5809925788	0.839307371
341	0.801625	0.5806022666	0.8396159677
342	0.8021666667	0.5803191754	0.8399946081
343	0.8026666667	0.5800025854	0.8403129004
344	0.80275	0.5796732255	0.8403695711
345	0.8036666667	0.5792775477	0.841025641
346	0.8040833333	0.5788894277	0.8413416116
347	0.804375	0.5785417538	0.8414761792
348	0.805	0.5781614662	0.8418918919
349	0.8061666667	0.5777482482	0.8426571061
350	0.80725	0.5774554712	0.8434305828
351	0.808125	0.5770504683	0.8440410472
352	0.8091666667	0.5766234422	0.8448194077
353	0.81	0.5762190195	0.8454865817
354	0.8107083333	0.5758560569	0.8460052202
355	0.8110833333	0.5754983826	0.8462425393
356	0.8119166667	0.5752135457	0.8468480695
357	0.8139166667	0.574880067	0.8483325409
358	0.814	0.5745422773	0.8484519283
359	0.8146666667	0.5742755236	0.848882245
360	0.8157083333	0.5739269081	0.84956294
361	0.8160833333	0.5736766671	0.8498639456
362	0.8169583333	0.5734236324	0.850491781
363	0.8172916667	0.5731826181	0.8507843604
364	0.8176666667	0.5728918256	0.8510044263
365	0.8171666667	0.5725290424	0.8506161912
366	0.817375	0.5722352807	0.8508118044
367	0.817875	0.5719500978	0.8512
368	0.8195	0.5716026588	0.8523316062
369	0.82025	0.5712352075	0.8528950419
370	0.820625	0.57087923	0.8531969309
371	0.8214166667	0.5705301983	0.8538298888
372	0.8214583333	0.5702816957	0.8538091501
373	0.8217916667	0.5699304377	0.8540621694
374	0.82225	0.5696104741	0.854362966
375	0.8234583333	0.5693444256	0.8552492228
376	0.823625	0.5690631905	0.8553562276
377	0.8247083333	0.5688141501	0.8561266715
378	0.8245833333	0.5686141746	0.8560585339
379	0.8252916667	0.5682854616	0.8565760219
380	0.8259166667	0.5679611834	0.8570646596
381	0.826375	0.5676183236	0.8573970774
382	0.8265416667	0.5672708727	0.8574949509
383	0.827625	0.5670103934	0.8582491006
384	0.827625	0.5666784864	0.8582199527
385	0.82875	0.5662642131	0.8590824933
386	0.829625	0.5658942357	0.8596726037
387	0.83075	0.5655796372	0.8604794944
388	0.830875	0.5652883814	0.8605585901
389	0.8319166667	0.5649429707	0.8613173817
390	0.8320833333	0.5645939099	0.861435841
391	0.832875	0.5642913017	0.8619799732
392	0.8333333333	0.5640240253	0.8624389573
393	0.8340416667	0.5637220932	0.8629717549
394	0.834625	0.5634348423	0.8634346076
395	0.8353333333	0.5630920695	0.8639024726
396	0.8355833333	0.5627160277	0.8640810141
397	0.8369166667	0.5623631609	0.8650717044
398	0.8375	0.5620602055	0.8655265154
399	0.8378333333	0.5616853311	0.8657653308
400	0.8385833333	0.5613955554	0.8663584932
401	0.83925	0.5610316684	0.8668277528
402	0.8394166667	0.5607586968	0.8669474556
403	0.8398333333	0.5604050495	0.8672651934
404	0.8404583333	0.5600725856	0.867751183
405	0.8404166667	0.5597954353	0.8677577515
406	0.8405416667	0.5595587907	0.8678567729
407	0.8425416667	0.5591896936	0.8693608048
408	0.842875	0.5590210446	0.8696103178
409	0.8434166667	0.5586766777	0.8699833933
410	0.8430416667	0.5584341137	0.8696675086
411	0.8435833333	0.5581080641	0.8700408502
412	0.84325	0.5577651081	0.8696917215
413	0.8436666667	0.5574039862	0.8700831025
414	0.844875	0.557090856	0.8710202668
415	0.845625	0.556835334	0.8715993762
416	0.8462083333	0.5564492028	0.8720490866
417	0.8470833333	0.5561169242	0.8726932149
418	0.8476666667	0.5557421332	0.8731612545
419	0.848875	0.5554271722	0.8741018432
420	0.8496666667	0.5550798967	0.8746961172
421	0.8490833333	0.5547921273	0.8742535759
422	0.8500833333	0.5544586933	0.8750347319
423	0.850625	0.5541967574	0.8754819214
424	0.8509166667	0.5539488519	0.8757207364
425	0.8520416667	0.5536583185	0.8765685286
426	0.85175	0.5533869148	0.8763381065
427	0.852125	0.553045231	0.8765694015
428	0.8527083333	0.5527446507	0.8769878554
429	0.8532083333	0.5524608276	0.8774395547
430	0.8537083333	0.5521201896	0.8777889937
431	0.8532083333	0.5518111687	0.8773883688
432	0.8535	0.5515734253	0.8775851264
433	0.8546666667	0.5512827746	0.8785261545
434	0.8552916667	0.5509451027	0.8789768965
435	0.8557916667	0.5506200887	0.879327778
436	0.8559166667	0.5502830208	0.8794197643
437	0.85575	0.5500685231	0.8792634442
438	0.8565833333	0.5497554977	0.8799274402
439	0.856625	0.5494022361	0.8799581371
440	0.8575	0.5490558068	0.8806199386
441	0.8576666667	0.5488108408	0.8807595644
442	0.858	0.5485399804	0.8810637258
443	0.8584583333	0.5482207711	0.8813938061
444	0.858875	0.5480223462	0.8817677244
445	0.85925	0.5477263492	0.8820118757
446	0.8594166667	0.5474137539	0.8821268865
447	0.8600416667	0.5470618034	0.8826222176
448	0.860875	0.5467806796	0.8832231665
449	0.8610416667	0.5464869337	0.8833222545
450	0.8613333333	0.5462078456	0.8834978646
451	0.8614166667	0.5459505749	0.8835597255
452	0.8621666667	0.5456205006	0.8842142107
453	0.86275	0.5452954388	0.8846477098
454	0.8634166667	0.5450176175	0.8851838879
455	0.8632916667	0.5446944108	0.8850183985
456	0.864125	0.5443605003	0.8856792287
457	0.8642916667	0.5439941808	0.8858274617
458	0.864375	0.5436940343	0.8859455482
459	0.8649166667	0.543356138	0.8863014659
460	0.8651666667	0.543098432	0.8865118889
461	0.86575	0.5428954747	0.8869790936
462	0.8658333333	0.5426404465	0.8870333988
463	0.8665	0.5422799362	0.8876104953
464	0.86675	0.5420477816	0.8877894737
465	0.8671666667	0.5417698171	0.8881246491
466	0.8680416667	0.541490113	0.8887796313
467	0.8684583333	0.5412990896	0.8891230288
468	0.8683333333	0.5410670729	0.8890371515
469	0.8689166667	0.5408116617	0.8894744238
470	0.868875	0.5405567705	0.8893965487
471	0.8690833333	0.5402453871	0.889591679
472	0.869625	0.5399029744	0.8899905073
473	0.8706666667	0.539584842	0.8907888256
474	0.8710833333	0.5391625395	0.891056338
475	0.871125	0.5389102941	0.8911260516
476	0.8716666667	0.5386269686	0.8915340189
477	0.872625	0.5383837836	0.8922795024
478	0.8729166667	0.5381381457	0.8924617446
479	0.8730416667	0.5378837281	0.8925713077
480	0.8740416667	0.5376371608	0.8933723678
481	0.8744166667	0.5373235509	0.893663562
482	0.8744166667	0.5369847224	0.8936785664
483	0.8745416667	0.5366810093	0.8937356626
484	0.87475	0.5364076258	0.8939083786
485	0.8749583333	0.5360833788	0.8941110053
486	0.8752916667	0.5356714071	0.8943932818
487	0.8758333333	0.5353552429	0.8948556912
488	0.8764583333	0.5350726515	0.89535171
489	0.8772083333	0.5347573144	0.8959796689
490	0.8776666667	0.5344127578	0.8963203616
491	0.8779583333	0.5341431168	0.896534671
492	0.8782916667	0.5338289258	0.896802685
493	0.8788333333	0.5335579366	0.8972365538
494	0.8790833333	0.5332438204	0.8974195829
495	0.879125	0.5329313529	0.8974585557
496	0.880125	0.5326238318	0.8981989314
497	0.8807083333	0.5323815125	0.8986512797
498	0.8813333333	0.5320273961	0.8991144173
499	0.881625	0.5317640867	0.8993516846
500	0.882125	0.5315312041	0.8997768094
501	0.8824583333	0.5312028168	0.9000177211
502	0.8827083333	0.5309959719	0.9002162277
503	0.882375	0.5307479678	0.8999681089
504	0.8826666667	0.5303833306	0.9001843187
505	0.883	0.530153566	0.9004255319
506	0.8833333333	0.5298674418	0.9006528527
507	0.883625	0.5295409651	0.9008766015
508	0.8844166667	0.5292543053	0.9014634839
509	0.8847916667	0.5289446395	0.9017587493
510	0.88475	0.5286799	0.9017476556
511	0.8855833333	0.528427419	0.902416489
512	0.8859166667	0.5282239379	0.9026938659
513	0.8863333333	0.5279944625	0.903021685
514	0.886875	0.5277184158	0.9034872561
515	0.886875	0.5273927637	0.9034735308
516	0.8866666667	0.5271287236	0.9032923274
517	0.8869583333	0.5268526337	0.9035034679
518	0.887875	0.5265063687	0.9042859683
519	0.8879583333	0.5261629385	0.9043298822
520	0.8885833333	0.525860707	0.9048195344
521	0.8890833333	0.5255695962	0.9051926775
522	0.8890833333	0.5253454414	0.9051994302
523	0.8894166667	0.5250146622	0.9054775981
524	0.8894583333	0.5247423473	0.9054963844
525	0.8899166667	0.5244065408	0.905871455
526	0.8900833333	0.5241674646	0.9060206626
527	0.8902916667	0.5239792406	0.9061954469
528	0.8915	0.5236947777	0.9071591557
529	0.892125	0.523384761	0.9076247904
530	0.8925	0.5231290921	0.9079491937
531	0.8922916667	0.5228761566	0.9078004066
532	0.8930416667	0.5225705293	0.9084032114
533	0.8927083333	0.5223340238	0.9081111944
534	0.893375	0.5221099961	0.9086560771
535	0.8933333333	0.5218029353	0.90860407
536	0.8934166667	0.5215540615	0.908675473
537	0.8939583333	0.521247893	0.9091233708
538	0.894125	0.5209456036	0.9092143342
539	0.894125	0.5207116097	0.9092337917
540	0.8947916667	0.5204497273	0.9097472924
541	0.8955416667	0.5202144453	0.9103137409
542	0.895625	0.519943862	0.9103724641
543	0.8965	0.519685451	0.9110824742
544	0.89675	0.5193385759	0.9112972509
545	0.8975416667	0.5190732302	0.9119427037
546	0.8979583333	0.5188332221	0.9122693892
547	0.89775	0.5185915342	0.9121123129
548	0.89775	0.51834681	0.9121123129
549	0.8984166667	0.5180427672	0.9126915915
550	0.8986666667	0.5177791013	0.9128877427
551	0.898625	0.5174927708	0.9128113241
552	0.8989583333	0.5172290512	0.9130730903
553	0.8985833333	0.5169157421	0.9127973631
554	0.8990833333	0.5166061165	0.9131899642
555	0.8995	0.516339214	0.9134925759
556	0.8999166667	0.5160747753	0.9138326876
557	0.900875	0.5157638587	0.9146363343
558	0.9011666667	0.5155364168	0.9148722366
559	0.9012916667	0.5152394338	0.9149707476
560	0.9009166667	0.5150204329	0.9146752781
561	0.901625	0.5147700023	0.9152457192
562	0.902125	0.5145466385	0.9156037797
563	0.9028333333	0.5142932386	0.9161995113
564	0.9030416667	0.5139853166	0.9163882002
565	0.90375	0.5137106502	0.9169482994
566	0.9040833333	0.513467094	0.9172299727
567	0.9047083333	0.5131441595	0.9177190142
568	0.904875	0.5128684141	0.9178806518
569	0.905125	0.512619687	0.9180846854
570	0.90575	0.5123663348	0.9185686515
571	0.9058333333	0.5120683885	0.9186113512
572	0.9054583333	0.5118097209	0.9183137128
573	0.9058333333	0.5114980573	0.9185937613
574	0.905875	0.5112370278	0.918644434
575	0.9057916667	0.5109793558	0.9185899975
576	0.906625	0.5106746077	0.919286872
577	0.9070416667	0.5104512702	0.9196007063
578	0.9072916667	0.5101716876	0.9198169303
579	0.9076666667	0.5098434131	0.9201038362
580	0.907875	0.5095824155	0.9202639836
581	0.9084583333	0.5093049576	0.9207174046
582	0.908125	0.5090003338	0.9204688909
583	0.9080833333	0.5087667936	0.9204242118
584	0.9084166667	0.5085000896	0.9207127913
585	0.9087083333	0.5081932438	0.9209567445
586	0.9092916667	0.5079085283	0.9214164531
587	0.9090833333	0.5076310387	0.921233124
588	0.9095416667	0.507355901	0.9216160595
589	0.9098333333	0.5071032981	0.9218716153
590	0.9097916667	0.5068592857	0.9218439768
591	0.909875	0.5065988977	0.9219330855
592	0.9099166667	0.5063807703	0.9219607277
593	0.909875	0.5061408835	0.9219330855
594	0.9107916667	0.5058980605	0.9226880439
595	0.9114166667	0.5055702963	0.9231936416
596	0.91125	0.5053367876	0.9230546926
597	0.9115416667	0.5050344521	0.9232770771
598	0.9119583333	0.5047966893	0.9236219049
599	0.9121666667	0.5046039759	0.9237888648
600	0.9120833333	0.5043356746	0.9237165582
601	0.9125833333	0.5040054985	0.9241503977
602	0.9130833333	0.5037382673	0.9245405875
603	0.913625	0.50355019	0.9249755709
604	0.91475	0.5033048981	0.9259125145
605	0.9144166667	0.5029566197	0.9256228273
606	0.915125	0.5026636501	0.9261983261
607	0.9155416667	0.5023956458	0.926528689
608	0.9161666667	0.5021971813	0.9270380041
609	0.9165416667	0.5018626327	0.9273880732
610	0.9166666667	0.5016760043	0.9274784248
611	0.917	0.5014262051	0.9277527927
612	0.9174583333	0.5012150725	0.9281387166
613	0.91725	0.5009845237	0.9279599536
614	0.9174583333	0.5006704667	0.9281178562
615	0.9177916667	0.5004298469	0.9283821554
616	0.9178333333	0.5001576338	0.928415856
617	0.918125	0.4998608389	0.9286725471
618	0.9184166667	0.4996368031	0.928908576
619	0.9186666667	0.4993563719	0.9291212781
620	0.9185416667	0.4990219863	0.9290355367
621	0.9189583333	0.4987846466	0.9293934004
622	0.9199166667	0.4984700182	0.9301497311
623	0.9201666667	0.4982211883	0.9303728469
624	0.9203333333	0.4980240226	0.9305182063
625	0.9207916667	0.4977231833	0.9308953433
626	0.9212083333	0.4975583543	0.931233863
627	0.9210416667	0.4972641136	0.9310833909
628	0.9219166667	0.4969682053	0.9317999854
629	0.9218333333	0.4967190186	0.9317421045
630	0.9225	0.4964300257	0.9322897707
631	0.9232083333	0.4961640479	0.932876862
632	0.9239583333	0.4958831819	0.9335082158
633	0.9240416667	0.4956611436	0.933566561
634	0.923625	0.4954278386	0.9332021428
635	0.9235833333	0.4951076007	0.9331730069
636	0.9241666667	0.4948117117	0.9336734694
637	0.9238333333	0.4945655934	0.9333964876
638	0.9244583333	0.4942504107	0.9339068937
639	0.9242083333	0.4939516661	0.9337026643
640	0.9250833333	0.4937093255	0.9344274252
641	0.925	0.4934307985	0.9343736328
642	0.92525	0.4931597992	0.934578076
643	0.9255	0.4929604657	0.9347683327
644	0.925625	0.4926967592	0.9348754059
645	0.926125	0.4924307613	0.9352754353
646	0.9263333333	0.4921755391	0.9354556075
647	0.9265	0.4918768594	0.935620438
648	0.926875	0.4915947803	0.9359278595
649	0.9271666667	0.4913234724	0.9361484512
650	0.9274166667	0.4910886518	0.9363629722
651	0.9276666667	0.4907751705	0.9365682549
652	0.9283333333	0.4905145349	0.9371253107
653	0.92825	0.4903342111	0.9370522006
654	0.928125	0.4900935592	0.9369494499
655	0.928	0.4898225329	0.9368467217
656	0.92825	0.489540757	0.9370475982
657	0.9284583333	0.4893204074	0.9372189111
658	0.9283333333	0.4891184211	0.9371207136
659	0.9288333333	0.4888452487	0.937522862
660	0.929125	0.4885821876	0.9377675338
661	0.9293333333	0.4883389922	0.9379391101
662	0.929	0.4880922052	0.937650933
663	0.9294583333	0.4878499458	0.9380239411
664	0.929875	0.4876115544	0.9383990337
665	0.930125	0.4873286545	0.93859617
666	0.9302916667	0.4871174555	0.9387381449
667	0.9302083333	0.4869034254	0.9386694006
668	0.9305833333	0.4866506665	0.9389788294
669	0.9307083333	0.4864007589	0.9390775543
670	0.9311666667	0.4861314366	0.9394516933
671	0.9316666667	0.4858665903	0.9398782902
672	0.9324583333	0.4855727112	0.9405639277
673	0.9328333333	0.4853340078	0.9408787501
674	0.9326666667	0.485152601	0.9407407407
675	0.9329583333	0.4848353043	0.9409952694
676	0.9334583333	0.4845894714	0.9414224407
677	0.9334583333	0.484414961	0.941413845
678	0.9339583333	0.4841279149	0.9418284582
679	0.93425	0.4838849173	0.9420704846
680	0.934125	0.4836218025	0.9419539597
681	0.934	0.4834099756	0.9418502203
682	0.9345	0.4830995192	0.942261074
683	0.9350833333	0.4827771102	0.9427584687
684	0.935375	0.4824971181	0.9430261176
685	0.93625	0.482215374	0.9437624054
686	0.9362916667	0.4819700057	0.9437970961
687	0.9361666667	0.4817070252	0.9436930315
688	0.9369166667	0.4814029358	0.9443341422
689	0.937125	0.4811571	0.9444996138
690	0.9369166667	0.4809144334	0.9443259543
691	0.9372916667	0.4806737266	0.9446467321
692	0.9379583333	0.4804514831	0.9452231174
693	0.9379166667	0.4801934901	0.9451883461
694	0.937875	0.4799298613	0.9451616463
695	0.93825	0.4796268615	0.9454866475
696	0.9382083333	0.4793976445	0.9454398293
697	0.9387916667	0.4791052976	0.9459389835
698	0.939	0.4788071425	0.9461170409
699	0.9394583333	0.4785638476	0.9465159937
700	0.9397916667	0.4783176338	0.946794801
701	0.940625	0.4779833774	0.9475118789
702	0.9408333333	0.4777259748	0.9476902674
703	0.9402916667	0.4774341063	0.9472288713
704	0.9402916667	0.4771578742	0.9472210968
705	0.9405416667	0.476934199	0.947430466
706	0.9405833333	0.4767842961	0.9474614988
707	0.9405416667	0.4765621414	0.9474420832
708	0.941	0.4763184687	0.9478107032
709	0.941375	0.476068439	0.9481366803
710	0.941	0.4757932633	0.94781455
711	0.9412916667	0.4756115707	0.9480667871
712	0.941875	0.4754107725	0.9485600501
713	0.9420416667	0.4751836132	0.9487037652
714	0.9422083333	0.4749644739	0.9488550463
715	0.9429583333	0.4746916324	0.9494889865
716	0.9430833333	0.4743783628	0.9495978157
717	0.9430833333	0.4741113613	0.9495829335
718	0.9434583333	0.4738503564	0.9499280469
719	0.9437083333	0.4735570436	0.9501347211
720	0.9438333333	0.4732322125	0.9502325925
721	0.9441666667	0.4730079634	0.9505352529
722	0.944375	0.4728139367	0.9507143648
723	0.944625	0.4725695112	0.9509322503
724	0.9449166667	0.4723565212	0.9511744719
725	0.9452083333	0.4721327512	0.9514024909
726	0.94525	0.4718589033	0.9514448304
727	0.9452083333	0.4716881571	0.9513881187
728	0.9459166667	0.4714515082	0.9520076906
729	0.9455416667	0.4712524555	0.9516874284
730	0.946125	0.4710154154	0.9521907931
731	0.9464583333	0.4708222687	0.9524690216
732	0.946625	0.4705308605	0.9526099663
733	0.94675	0.4702892193	0.952722699
734	0.9470416667	0.4700681458	0.9529659919
735	0.9467916667	0.4698220987	0.9527474561
736	0.946875	0.4695978967	0.9528284435
737	0.9467083333	0.4694013866	0.9526804543
738	0.9467083333	0.4691150198	0.9526909562
739	0.9469583333	0.4688927471	0.9528989529
740	0.9472083333	0.4686026262	0.9531278902
741	0.9473333333	0.4683288041	0.9532475218
742	0.9472916667	0.468030317	0.9532157254
743	0.9469166667	0.4677753364	0.9528950677
744	0.9470833333	0.4676206747	0.9530290702
745	0.9477916667	0.4673297574	0.9536320912
746	0.9475833333	0.467068327	0.953428106
747	0.9475416667	0.4668497714	0.9533997113
748	0.9476666667	0.4666519091	0.9535090317
749	0.9480416667	0.466439396	0.9538336233
750	0.9482083333	0.466226403	0.9539851183
751	0.9482083333	0.4659708202	0.9539851183
752	0.9484583333	0.4657670684	0.9542072336
753	0.9489583333	0.4655693521	0.9546346702
754	0.9492083333	0.4653236466	0.9548468348
755	0.949	0.4651106363	0.9546599496
756	0.949125	0.4648203673	0.9547694017
757	0.9492083333	0.4645241238	0.9548434895
758	0.94925	0.4642836852	0.9548721749
759	0.9498333333	0.464059335	0.9553677343
760	0.9498333333	0.4638463272	0.9553710431
761	0.9502916667	0.4636368473	0.9557738647
762	0.9505	0.4633915753	0.955954323
763	0.9505416667	0.463126072	0.9559767088
764	0.9504583333	0.4628057794	0.9558992619
765	0.9505833333	0.4626276318	0.9560186902
766	0.9508333333	0.4624825029	0.9562282068
767	0.9510833333	0.4622174605	0.9564410804
768	0.951375	0.4619295354	0.9566895528
769	0.9515833333	0.461728744	0.9568639097
770	0.95125	0.4614796365	0.9565798263
771	0.9517083333	0.4612348195	0.9569768737
772	0.9515833333	0.4609955995	0.9568510954
773	0.9524166667	0.4607502584	0.9575969107
774	0.9520833333	0.4605286216	0.9573188836
775	0.9521666667	0.4602991131	0.9573867854
776	0.9525	0.4600699213	0.9576680282
777	0.95275	0.4598801033	0.9578908281
778	0.9530416667	0.4597133992	0.9581305495
779	0.953	0.4594836651	0.958094955
780	0.9535	0.4592653923	0.9585315101
781	0.9534583333	0.4590811343	0.9585020619
782	0.9537916667	0.4588646349	0.9587900858
783	0.9540833333	0.4585557318	0.9590517241
784	0.954125	0.4582902115	0.9590751961
785	0.9543333333	0.4580167373	0.9592534761
786	0.9545	0.4578152923	0.9593870872
787	0.9544583333	0.4576053503	0.9593574536
788	0.9547916667	0.4573848187	0.9596519282
789	0.9552916667	0.4571669809	0.9600833302
790	0.9555	0.4569089183	0.9602560286
791	0.9554166667	0.4567023746	0.960184565
792	0.9555416667	0.456516683	0.9602888087
793	0.9559166667	0.4562646768	0.9606135061
794	0.95575	0.4560200114	0.9604587088
795	0.9556666667	0.4557654642	0.9603901422
796	0.9560416667	0.4555011013	0.9607178762
797	0.9562916667	0.4552760151	0.9609238219
798	0.9563333333	0.4550843974	0.9609712498
799	0.9567916667	0.4547913465	0.9613679544
800	0.9569166667	0.4545882081	0.9614696676
801	0.9569583333	0.4543156882	0.9615054966
802	0.9570416667	0.4540436236	0.9615800261
803	0.9570833333	0.4538420874	0.9616187211
804	0.9572916667	0.453598411	0.9618064612
805	0.9575	0.453440632	0.961988522
806	0.95725	0.4532057983	0.9617592247
807	0.9572083333	0.4530039276	0.9617347889
808	0.9574166667	0.4527674902	0.9619168281
809	0.957625	0.4525187068	0.9620932573
810	0.9577083333	0.4523438201	0.9621678035
811	0.9580416667	0.452117693	0.9624575924
812	0.9579166667	0.4518633267	0.9623471518
813	0.957875	0.451642908	0.9623140866
814	0.95775	0.4513869227	0.962212119
815	0.9582083333	0.4511379225	0.9626122936
816	0.9584166667	0.4508769571	0.9627945124
817	0.9585833333	0.4506269263	0.9629408694
818	0.9584166667	0.4504283902	0.9627945124
819	0.958375	0.4501437088	0.9627669487
820	0.9585416667	0.4499498299	0.9629049696
821	0.958875	0.4496670038	0.9631949883
822	0.9593333333	0.4494269964	0.9635983888
823	0.959125	0.44915083	0.9634023503
824	0.9592916667	0.4489639273	0.9635542955
825	0.9597083333	0.4487119231	0.9639165641
826	0.95975	0.4484778053	0.9639525338
827	0.9604583333	0.4482308323	0.9645723672
828	0.9605	0.4479475963	0.9646030916
829	0.9605	0.447739401	0.96458987
830	0.960625	0.4475075489	0.9646979715
831	0.9608333333	0.4473428889	0.9648886897
832	0.9605416667	0.447107477	0.9646285437
833	0.9605833333	0.446847191	0.964661935
834	0.9608333333	0.4465753347	0.9648939349
835	0.9605416667	0.4463926175	0.9646417504
836	0.9609166667	0.4461800236	0.9649686286
837	0.9611666667	0.4459267848	0.9651823072
838	0.9618333333	0.4456392003	0.9657672472
839	0.9619166667	0.4453922477	0.9658368842
840	0.9617916667	0.4452200099	0.9657285944
841	0.96225	0.4449204056	0.9661333732
842	0.9619166667	0.4447285156	0.9658445441
843	0.9619166667	0.4445243759	0.9658394379
844	0.962	0.4443540365	0.9659065421
845	0.9617083333	0.4441238561	0.9656461441
846	0.9616666667	0.4439582898	0.9656074766
847	0.9620833333	0.4437387873	0.9659863946
848	0.9625833333	0.4435098119	0.9664273964
849	0.9625	0.4433064272	0.9663551402
850	0.96275	0.4430662173	0.9665769403
851	0.96275	0.4428400987	0.966574441
852	0.962875	0.4426044144	0.9666828703
853	0.9630416667	0.4423396872	0.9668398819
854	0.9630833333	0.4421148025	0.9668735512
855	0.963125	0.4418369834	0.9669072281
856	0.9632083333	0.4415502655	0.9669770747
857	0.9629166667	0.4413465319	0.9667165295
858	0.9632083333	0.4411309485	0.966969663
859	0.9635833333	0.4408798662	0.9672977625
860	0.96375	0.440645597	0.9674474295
861	0.964	0.4404450143	0.9676695106
862	0.9640416667	0.4401910088	0.9677105549
863	0.9642916667	0.4399543131	0.9679326473
864	0.9644583333	0.4397117377	0.968077542
865	0.9645	0.4395321596	0.9681137725
866	0.9645833333	0.4393477272	0.9681910037
867	0.9647916667	0.4391330111	0.9683698297
868	0.9646666667	0.4389101584	0.9682634731
869	0.964875	0.4386943297	0.9684517795
870	0.9646666667	0.4384380494	0.9682682233
871	0.96475	0.4382314463	0.9683430624
872	0.964875	0.4379774463	0.968444694
873	0.9655	0.4377572218	0.9689910868
874	0.965625	0.4375410326	0.9691022808
875	0.9659583333	0.4373289277	0.9693904312
876	0.9660416667	0.4370911453	0.9694630747
877	0.96575	0.4368794992	0.9692111769
878	0.96575	0.4366591994	0.9692111769
879	0.9659583333	0.4364569093	0.9693904312
880	0.9660833333	0.4362159583	0.9695062561
881	0.9665	0.4359717033	0.9698673263
882	0.966625	0.4357315829	0.969974135
883	0.9663333333	0.4355606259	0.9697174125
884	0.966625	0.4353345992	0.969974135
885	0.9669166667	0.435132018	0.9702287214
886	0.9669583333	0.4349224157	0.9702606413
887	0.9669166667	0.4347197393	0.9702242556
888	0.9672083333	0.4345039859	0.9704790127
889	0.9672916667	0.4342145466	0.9705584518
890	0.96725	0.4340207204	0.9705176294
891	0.967375	0.4337962508	0.9706312591
892	0.9677083333	0.4335693832	0.9709204157
893	0.9675	0.4333145139	0.9707360996
894	0.967875	0.4331366934	0.9710705039
895	0.9680416667	0.4329759307	0.9712205921
896	0.9681666667	0.4327564232	0.9713363848
897	0.968375	0.4324892261	0.9715058002
898	0.968625	0.4323123584	0.9717331732
899	0.9686666667	0.4321211979	0.9717696524
900	0.9686666667	0.4318966086	0.9717696524
901	0.9688333333	0.4316171393	0.9719219219
902	0.9689166667	0.4313891008	0.9719990992
903	0.9689166667	0.43119687	0.9719990992
904	0.9690416667	0.4309714095	0.9721085626
905	0.9687916667	0.4307759501	0.9718917702
906	0.9688333333	0.4305261727	0.9719282444
907	0.9690416667	0.4302874186	0.9721106565
908	0.9690833333	0.4300829462	0.9721513286
909	0.9692916667	0.4298914574	0.972331719
910	0.9697916667	0.4296646441	0.9727740433
911	0.96975	0.4294197542	0.9727416085
912	0.9696666667	0.4292001719	0.9726685689
913	0.9700833333	0.4290044268	0.9730419764
914	0.970125	0.4287961178	0.9730785116
915	0.9698333333	0.4286130103	0.9728146591
916	0.9700416667	0.4284203948	0.9729973335
917	0.9702083333	0.428228459	0.9731455399
918	0.970375	0.428015641	0.9732977804
919	0.9700833333	0.4278339508	0.9730419764
920	0.970375	0.4276250304	0.9732997859
921	0.9706666667	0.4274098956	0.9735616644
922	0.9707916667	0.4271701642	0.9736674054
923	0.9709583333	0.4270150534	0.9738176627
924	0.9707083333	0.4267595131	0.9735843385
925	0.971	0.4264695235	0.9738444194
926	0.9709583333	0.4262713222	0.9738097922
927	0.9710833333	0.4259869267	0.9739176188
928	0.9711666667	0.4258327621	0.9739927841
929	0.9713333333	0.4256396122	0.9741411712
930	0.9715833333	0.4255000976	0.9743628299
931	0.9712083333	0.4252675025	0.9740293908
932	0.9715416667	0.4250552478	0.9743165495
933	0.9716666667	0.4248601592	0.9744303226
934	0.9717083333	0.4246865843	0.974466965
935	0.9717916667	0.4244478296	0.9745421728
936	0.9715	0.4242046091	0.9742818469
937	0.9720833333	0.4239949245	0.9747968703
938	0.9723333333	0.4237950885	0.9750188111
939	0.9720833333	0.4235264054	0.9747987663
940	0.9722083333	0.4233457702	0.9749106639
941	0.9722083333	0.4231234991	0.9749087763
942	0.9721666667	0.4229583193	0.9748739938
943	0.97275	0.4227443691	0.9753950339
944	0.972625	0.4224728073	0.9752812371
945	0.9725	0.4222747188	0.9751711685
946	0.9728333333	0.4220602913	0.9754702784
947	0.973125	0.4218211772	0.9757290687
948	0.973125	0.4216267036	0.9757254149
949	0.9735	0.4214355269	0.9760596251
950	0.9735	0.4211486728	0.9760578226
951	0.9734583333	0.4209377799	0.9760246904
952	0.9733333333	0.4206912932	0.9759126835
953	0.973875	0.4204522056	0.9763957384
954	0.9740416667	0.4202287257	0.9765463238
955	0.9741666667	0.4199922048	0.9766531104
956	0.9742916667	0.4197757386	0.9767652043
957	0.9745833333	0.4196023918	0.9770227512
958	0.9745833333	0.4193816748	0.9770192887
959	0.9746666667	0.4191782374	0.9770946353
960	0.97475	0.4189697283	0.9771682616
961	0.974625	0.4187559951	0.9770578263
962	0.9747083333	0.4185930824	0.9771348928
963	0.9746666667	0.4183869051	0.9770929094
964	0.9747916667	0.4182310548	0.9772050789
965	0.9750416667	0.4179761409	0.9774243395
966	0.9750833333	0.4177788142	0.977461179
967	0.9750833333	0.4175831075	0.977461179
968	0.975125	0.4173907763	0.9774963248
969	0.9750416667	0.4171740598	0.9774209356
970	0.975375	0.416960296	0.9777157724
971	0.9755	0.4167406535	0.9778263821
972	0.9755416667	0.4165190915	0.9778632575
973	0.9757916667	0.4163326548	0.9780911799
974	0.9755833333	0.4160915972	0.9779018025
975	0.9756666667	0.4158662446	0.9779805445
976	0.975625	0.415649324	0.9779420082
977	0.9755	0.4154339887	0.9778297263
978	0.9757916667	0.4152081715	0.9780862219
979	0.9759166667	0.4149442949	0.9781952618
980	0.975875	0.4147538448	0.9781600091
981	0.9764166667	0.4145176527	0.9786447329
982	0.9764166667	0.4142890505	0.9786431213
983	0.976375	0.4140371911	0.978604581
984	0.9764583333	0.4138622931	0.9786848757
985	0.9765	0.413614766	0.9787234043
986	0.9767916667	0.4134067744	0.9789835113
987	0.9769166667	0.4131939172	0.9790927617
988	0.976875	0.4129951224	0.9790558134
989	0.9769583333	0.4127805819	0.9791297128
990	0.9770833333	0.4126220172	0.9792421498
991	0.9770833333	0.4124405809	0.9792421498
992	0.977125	0.4121444975	0.9792822371
993	0.9772916667	0.4119508316	0.9794285283
994	0.9772916667	0.4117616201	0.9794285283
995	0.9775833333	0.4115960229	0.9796919825
996	0.977375	0.4113768143	0.9795055671
997	0.9775	0.4111675132	0.979616488
998	0.9777916667	0.4109792543	0.9798784401
999	0.9780416667	0.410804719	0.9801019445
